month,swh_nearshore_m,swh_offshore_m
201901,1.3675,1.7895
201902,1.1695,1.3894
201903,1.0486,1.2437
201904,0.9228,1.0217
201905,0.9097,1.0525
201906,0.8265,0.8830
201907,0.8735,1.0651
201908,0.9863,1.2143
201909,1.0900,1.3497
201910,1.1272,1.3479
201911,1.3917,1.8871
201912,1.2596,1.6782
202001,1.1808,1.5471
202002,1.1809,1.5271
202003,1.0244,1.2251
202004,0.9703,1.1171
202005,0.8334,0.8971
202006,0.8186,0.9216
202007,0.8309,0.9520
202008,0.8777,1.1522
202009,0.9313,1.0462
202010,1.4645,1.8965
202011,1.4325,1.8760
202012,1.5873,2.1477
202101,1.2618,1.7932
202102,1.1028,1.4308
202103,0.9393,1.0802
202104,0.8151,0.8492
202105,0.8034,0.8169
202106,0.8115,0.8303
202107,0.8107,0.8457
202108,0.8324,0.8682
202109,0.9011,0.9349
202110,1.1313,1.3518
202111,1.1530,1.5083
202112,1.1741,1.7586
